{
    "loss": 0.074112668633461,
    "accuracy": 0.9609375
}