{
    "loss": 9.92325496673584,
    "accuracy": 0.4609375
}